{
    "%%marks%%": 0, 
    "%%spaceInstances%%": null, 
    "BoM": {
        "C-upper-interface-horizontal": {
            "material": "A36 Steel", 
            "quantity": 1
        }, 
        "D-angled-bottom": {
            "material": "A36 Steel", 
            "quantity": 1
        }, 
        "E-angled-bottom-two": {
            "material": "A36 Steel", 
            "quantity": 1
        }, 
        "F-angled-upper": {
            "material": "A36 Steel", 
            "quantity": 1
        }, 
        "G-vertical-bumper": {
            "material": "A36 Steel", 
            "quantity": 1
        }, 
        "H-horizontal-bumper": {
            "material": "A36 Steel", 
            "quantity": 1
        }
    }, 
    "instanceName": 4, 
    "orderingConstraints": null, 
    "tasks": [
        {
            "%%marks%%": 0, 
            "%%spaceInstances%%": null, 
            "instanceName": 5, 
            "positioning": [
                {
                    "%%marks%%": 0, 
                    "%%spaceInstances%%": null, 
                    "ingress": [
                        -30.63, 
                        61.03, 
                        1.04, 
                        103.96, 
                        74.62, 
                        -122.0
                    ], 
                    "instanceName": 27, 
                    "memberName": "F-angled-upper", 
                    "transformationMatrix": [
                        [
                            1, 
                            0, 
                            0, 
                            1300
                        ], 
                        [
                            0, 
                            1, 
                            0, 
                            -1000
                        ], 
                        [
                            0, 
                            0, 
                            1, 
                            -96.8756
                        ], 
                        [
                            0, 
                            0, 
                            0, 
                            1
                        ]
                    ]
                }, 
                {
                    "%%marks%%": 0, 
                    "%%spaceInstances%%": null, 
                    "ingress": [
                        -30.63, 
                        61.03, 
                        1.04, 
                        103.96, 
                        74.62, 
                        -122.0
                    ], 
                    "instanceName": 28, 
                    "memberName": "G-vertical-bumper", 
                    "transformationMatrix": [
                        [
                            1, 
                            0, 
                            0, 
                            1300
                        ], 
                        [
                            0, 
                            1, 
                            0, 
                            -1000
                        ], 
                        [
                            0, 
                            0, 
                            1, 
                            -96.8756
                        ], 
                        [
                            0, 
                            0, 
                            0, 
                            1
                        ]
                    ]
                }
            ], 
            "welds": [
                {
                    "%%marks%%": 0, 
                    "%%spaceInstances%%": null, 
                    "egressMoves": [
                        [
                            0, 
                            0, 
                            0, 
                            0, 
                            0, 
                            0
                        ]
                    ], 
                    "ingressMoves": [
                        [
                            -30, 
                            60, 
                            1, 
                            104, 
                            75, 
                            -122
                        ]
                    ], 
                    "instanceName": 56, 
                    "weldLine": {
                        "%%marks%%": 0, 
                        "%%spaceInstances%%": null, 
                        "instanceName": 56, 
                        "waypoints": [
                            [
                                [
                                    1380.5428, 
                                    36.3728, 
                                    0
                                ], 
                                [
                                    0, 
                                    0, 
                                    1, 
                                    0
                                ]
                            ], 
                            [
                                [
                                    1367.3856, 
                                    -12.7, 
                                    0
                                ], 
                                [
                                    0, 
                                    0, 
                                    1, 
                                    0
                                ]
                            ]
                        ], 
                        "weldParameters": null
                    }
                }
            ]
        }, 
        {
            "%%marks%%": 0, 
            "%%spaceInstances%%": null, 
            "instanceName": 5, 
            "positioning": [
                {
                    "%%marks%%": 0, 
                    "%%spaceInstances%%": null, 
                    "ingress": [
                        -30.63, 
                        61.03, 
                        1.04, 
                        103.96, 
                        74.62, 
                        -122.0
                    ], 
                    "instanceName": 27, 
                    "memberName": "F-angled-upper", 
                    "transformationMatrix": [
                        [
                            1, 
                            0, 
                            0, 
                            1300
                        ], 
                        [
                            0, 
                            1, 
                            0, 
                            -1000
                        ], 
                        [
                            0, 
                            0, 
                            1, 
                            -96.8756
                        ], 
                        [
                            0, 
                            0, 
                            0, 
                            1
                        ]
                    ]
                }, 
                {
                    "%%marks%%": 0, 
                    "%%spaceInstances%%": null, 
                    "ingress": [
                        -30.63, 
                        61.03, 
                        1.04, 
                        103.96, 
                        74.62, 
                        -122.0
                    ], 
                    "instanceName": 28, 
                    "memberName": "G-vertical-bumper", 
                    "transformationMatrix": [
                        [
                            1, 
                            0, 
                            0, 
                            1300
                        ], 
                        [
                            0, 
                            1, 
                            0, 
                            -1000
                        ], 
                        [
                            0, 
                            0, 
                            1, 
                            -96.8756
                        ], 
                        [
                            0, 
                            0, 
                            0, 
                            1
                        ]
                    ]
                },
                {
                    "%%marks%%": 0, 
                    "%%spaceInstances%%": null, 
                    "ingress": [
                        -30.63, 
                        61.03, 
                        1.04, 
                        103.96, 
                        74.62, 
                        -122.0
                    ], 
                    "instanceName": 28, 
                    "memberName": "C-upper-interface-horizontal", 
                    "transformationMatrix": [
                        [
                            1, 
                            0, 
                            0, 
                            1300
                        ], 
                        [
                            0, 
                            1, 
                            0, 
                            -1000
                        ], 
                        [
                            0, 
                            0, 
                            1, 
                            -96.8756
                        ], 
                        [
                            0, 
                            0, 
                            0, 
                            1
                        ]
                    ]
                },
                {
                    "%%marks%%": 0, 
                    "%%spaceInstances%%": null, 
                    "ingress": [
                        -30.63, 
                        61.03, 
                        1.04, 
                        103.96, 
                        74.62, 
                        -122.0
                    ], 
                    "instanceName": 28, 
                    "memberName": "H-horizontal-bumper", 
                    "transformationMatrix": [
                        [
                            1, 
                            0, 
                            0, 
                            1300
                        ], 
                        [
                            0, 
                            1, 
                            0, 
                            -1000
                        ], 
                        [
                            0, 
                            0, 
                            1, 
                            -96.8756
                        ], 
                        [
                            0, 
                            0, 
                            0, 
                            1
                        ]
                    ]
                },
                {
                    "%%marks%%": 0, 
                    "%%spaceInstances%%": null, 
                    "ingress": [
                        -30.63, 
                        61.03, 
                        1.04, 
                        103.96, 
                        74.62, 
                        -122.0
                    ], 
                    "instanceName": 28, 
                    "memberName": "D-angled-bottom", 
                    "transformationMatrix": [
                        [
                            1, 
                            0, 
                            0, 
                            1300
                        ], 
                        [
                            0, 
                            1, 
                            0, 
                            -1000
                        ], 
                        [
                            0, 
                            0, 
                            1, 
                            -96.8756
                        ], 
                        [
                            0, 
                            0, 
                            0, 
                            1
                        ]
                    ]
                }
            ], 
            "welds": [
                {
                    "%%marks%%": 0, 
                    "%%spaceInstances%%": null, 
                    "egressMoves": [
                        [
                            0, 
                            0, 
                            0, 
                            0, 
                            0, 
                            0
                        ]
                    ], 
                    "ingressMoves": [
                        [
                            -30, 
                            60, 
                            1, 
                            104, 
                            75, 
                            -122
                        ]
                    ], 
                    "instanceName": 56, 
                    "weldLine": {
                        "%%marks%%": 0, 
                        "%%spaceInstances%%": null, 
                        "instanceName": 56, 
                        "waypoints": [
                            [
                                [
                                    1380.5428, 
                                    36.3728, 
                                    0
                                ], 
                                [
                                    0, 
                                    0, 
                                    1, 
                                    0
                                ]
                            ], 
                            [
                                [
                                    1367.3856, 
                                    -12.7, 
                                    0
                                ], 
                                [
                                    0, 
                                    0, 
                                    1, 
                                    0
                                ]
                            ]
                        ], 
                        "weldParameters": null
                    }
                }
            ]
        }
 
    ]
}