{
    "%%marks%%": 0, 
    "%%spaceInstances%%": null, 
    "instanceName": 4, 
    "orderingConstraints": null, 
    "tasks": [
        {
            "%%marks%%": 0, 
            "%%spaceInstances%%": null, 
            "instanceName": 5, 
            "positioning": [
                {
                    "%%marks%%": 0, 
                    "%%spaceInstances%%": null, 
                    "ingress": [
                        -30.63, 
                        61.03, 
                        1.04, 
                        103.96, 
                        74.62, 
                        -122.0
                    ], 
                    "instanceName": 27, 
                    "memberName": "partA", 
                    "transformationMatrix": [
                        [
                            1, 
                            0, 
                            0, 
                            1000
                        ], 
                        [
                            0, 
                            1, 
                            0, 
                            -600
                        ], 
                        [
                            0, 
                            0, 
                            1, 
                            -96.8756
                        ], 
                        [
                            0, 
                            0, 
                            0, 
                            1
                        ]
                    ]
                }
            ], 
            "welds": [
                {
                    "%%marks%%": 0, 
                    "%%spaceInstances%%": null, 
                    "egressMoves": [
                        [
                            0, 
                            0, 
                            0, 
                            0, 
                            0, 
                            0
                        ]
                    ], 
                    "ingressMoves": [
                        [
                            -30, 
                            60, 
                            1, 
                            104, 
                            75, 
                            -122
                        ]
                    ], 
                    "instanceName": 56, 
                    "weldLine": {
                        "%%marks%%": 0, 
                        "%%spaceInstances%%": null, 
                        "instanceName": 56, 
                        "waypoints": [
                            [
                                [
                                    1380.5428, 
                                    36.3728, 
                                    0
                                ], 
                                [
                                    0, 
                                    0, 
                                    1, 
                                    0
                                ]
                            ], 
                            [
                                [
                                    1367.3856, 
                                    -12.7, 
                                    0
                                ], 
                                [
                                    0, 
                                    0, 
                                    1, 
                                    0
                                ]
                            ]
                        ], 
                        "weldParameters": null
                    }
                }
            ]
        }
    ]
}