<?xml version="1.0" encoding="UTF-8"?>
<SystemProperties><SystemName>ifab1</SystemName><SerialNo>26-63205</SerialNo><UsedMedia><Media path="C:\PROGRAM FILES (X86)\ABB INDUSTRIAL IT\ROBOTICS IT\MEDIAPOOL\ROBOTWARE_5.14.0204" name="RobotWare" version="5.14.0204.00"></Media><Media path="C:\PROGRAM FILES (X86)\ABB INDUSTRIAL IT\ROBOTICS IT\MEDIAPOOL\AW-MILLER-AA-007.03" name="AW-MILLER-AA-007" version="5.09.0166.07"></Media></UsedMedia><ControlModule><Key>vrppppRRb7PFJprppxpJpz8ppdppC</Key><SignatureNr>153</SignatureNr><Category descr="OS">RobotWare OS and English</Category><Category descr="Languages">644-3 Spanish</Category><Category descr="Options">709-x DeviceNet</Category><Category descr="Options">608-1 World Zones</Category><Category descr="Options">611-1 Path Recovery</Category><Category descr="Options">613-1 Collision Detection</Category><Category descr="Options">616-1 PC Interface</Category><Category descr="Options">623-1 Multitasking</Category><Category descr="Applications">633-1 Arc</Category><Category descr="Languages">645-2 German</Category><Category descr="Suboptions">709-2/709-5 Master/Slave Dual</Category><Category descr="Suboptions">650-x Power source type</Category><Category descr="Suboptions">652-1 BullsEye</Category><Category descr="Suboptions">External option loaded Welder</Category><Option descr="RW Control module key"></Option><Option descr="RobotWare OS and English"></Option><Option descr="644-3 Spanish"><SubOption descr="645-2 German"></SubOption></Option><Option descr="709-x DeviceNet"><SubOption descr="709-2/709-5 Master/Slave Dual"></SubOption></Option><Option descr="608-1 World Zones"></Option><Option descr="611-1 Path Recovery"></Option><Option descr="613-1 Collision Detection"></Option><Option descr="616-1 PC Interface"></Option><Option descr="623-1 Multitasking"></Option><Option descr="633-1 Arc"><SubOption descr="650-x Power source type"><SubOption descr="External option loaded Welder"></SubOption></SubOption><SubOption descr="652-1 BullsEye"></SubOption></Option></ControlModule><DriveModule><Name>DriveModule1</Name><Key>XmXnn49kuWWmuWWBV</Key><SignatureNr>156</SignatureNr><Category descr="Manipulators">ABB standard manipulator</Category><Category descr="Manipulators">Drive System 09 2600/4400/6400R</Category><Category descr="Manipulators">IRB 2600</Category><Category descr="Variants">2600-12/1.85 Type A</Category><Category descr="Suboptions">No motor fan</Category><Category descr="Drives">Additional drive</Category><Category descr="Drives">ADU-790A in position X3</Category><Category descr="Drives">No drive in position Y3</Category><Option descr="RW Drive module 1 key"></Option><Option descr="ABB standard manipulator"><SubOption descr="IRB 2600"><SubOption descr="2600-12/1.85 Type A"><SubOption descr="No motor fan"></SubOption></SubOption></SubOption></Option><Option descr="Drive System 09 2600/4400/6400R"><SubOption descr="Additional drive"><SubOption descr="ADU-790A in position X3"><SubOption descr="No drive in position Y3"></SubOption></SubOption></SubOption></Option></DriveModule><AdditionalOption><Name>AW-MILLER-AA-007</Name><Key>07PPWQPPPPO-.PFlVhgF5E-1b</Key><SignatureNr>1001</SignatureNr></AdditionalOption></SystemProperties>
