{
    "tasks": [
        {
            "transformationMatrix": [
                [
                    1.0, 
                    0.0, 
                    0.0, 
                    1150
                ], 
                [
                    0.0, 
                    6.123233995736766e-17, 
                    -1.0, 
                    600
                ], 
                [
                    0.0, 
                    1.0, 
                    6.123233995736766e-17, 
                    0.0
                ], 
                [
                    0.0, 
                    0.0, 
                    0.0, 
                    1.0
                ]
            ], 
            "positioning": [
                {
                    "memberName": "FullAssembly - MainAsm-1 LeftSideAsm-1 InnerSideFrameAsm-1 ISF_Bottom_013-1", 
                    "memberInt": "0000", 
                    "%%spaceInstances%%": null, 
                    "instanceName": 27, 
                    "%%marks%%": 0
                }, 
                {
                    "memberName": "FullAssembly - MainAsm-1 RightSideAsm-1 InnerSideFrameAsm-1 ISF_Horizontal_014-1", 
                    "memberInt": "0006", 
                    "%%spaceInstances%%": null, 
                    "instanceName": 28, 
                    "%%marks%%": 0
                }, 
                {
                    "memberName": "FullAssembly - MainAsm-1 RightSideAsm-1 InnerSideFrameAsm-1 ISF_MidPillar_015-1", 
                    "memberInt": "0007", 
                    "%%spaceInstances%%": null, 
                    "instanceName": 28, 
                    "%%marks%%": 0
                }, 
                {
                    "memberName": "FullAssembly - MainAsm-1 RightSideAsm-1 InnerSideFrameAsm-1 ISF_RearPillar_016-1", 
                    "memberInt": "0008", 
                    "%%spaceInstances%%": null, 
                    "instanceName": 28, 
                    "%%marks%%": 0
                }, 
                {
                    "memberName": "FullAssembly - MainAsm-1 LeftSideAsm-1 InnerSideFrameAsm-1 ISF_TopAsm-1 ISF_Top01_017-1", 
                    "memberInt": "1000", 
                    "%%spaceInstances%%": null, 
                    "instanceName": 28, 
                    "%%marks%%": 0
                }, 
                {
                    "memberName": "FullAssembly - MainAsm-1 RightSideAsm-1 InnerSideFrameAsm-1 ISF_TopRF_019-1", 
                    "memberInt": "0009", 
                    "%%spaceInstances%%": null, 
                    "instanceName": 28, 
                    "%%marks%%": 0
                }, 
                {
                    "memberName": "FullAssembly - MainAsm-1 LeftSideAsm-1 SideFrameAsm-1 SF_FrontAsm-1 SF_Front01_008-1", 
                    "memberInt": "2003", 
                    "%%spaceInstances%%": null, 
                    "instanceName": 27, 
                    "%%marks%%": 0
                }, 
                {
                    "memberName": "FullAssembly - MainAsm-1 RightSideAsm-1 InnerSideFrameAsm-1 SF_FrontAsm-1 SF_Front02_009-1", 
                    "memberInt": "2007", 
                    "%%spaceInstances%%": null, 
                    "instanceName": 27, 
                    "%%marks%%": 0
                }, 
                {
                    "memberName": "FullAssembly - MainAsm-1 RightSideAsm-1 InnerSideFrameAsm-1 SF_FrontAsm-1 SF_Front03_010-1", 
                    "memberInt": "2008", 
                    "%%spaceInstances%%": null, 
                    "instanceName": 27, 
                    "%%marks%%": 0
                }
            ], 
            "welds": [
                {
                    "egressMoves": [
                        [
                            0, 
                            0, 
                            0, 
                            0, 
                            0, 
                            0
                        ]
                    ], 
                    "weldLine": {
                        "%%spaceInstances%%": null, 
                        "weldParameters": null, 
                        "instanceName": 56, 
                        "waypoints": [
                            [
                                [
                                    249.87, 
                                    1097.865, 
                                    -143.9
                                ], 
                                [
                                    0.43837115, 
                                    0, 
                                    0.89879405, 
                                    0
                                ]
                            ], 
                            [
                                [
                                    211.26, 
                                    1047.065, 
                                    -143.9
                                ], 
                                [
                                    0.43837115, 
                                    0, 
                                    0.89879405, 
                                    0
                                ]
                            ]
                        ], 
                        "%%marks%%": 0
                    }, 
                    "%%spaceInstances%%": null, 
                    "ingressMoves": [
                        [
                            13.5, 
                            40.5, 
                            23.5, 
                            0.8, 
                            -18.8, 
                            -1.1
                        ]
                    ], 
                    "instanceName": 56, 
                    "%%marks%%": 0
                }, 
                {
                    "egressMoves": [
                        [
                            0, 
                            0, 
                            0, 
                            0, 
                            0, 
                            0
                        ]
                    ], 
                    "weldLine": {
                        "%%spaceInstances%%": null, 
                        "weldParameters": null, 
                        "instanceName": 56, 
                        "waypoints": [
                            [
                                [
                                    375.69, 
                                    455.425, 
                                    -143.9
                                ], 
                                [
                                    0.43837115, 
                                    0, 
                                    0.89879405, 
                                    0
                                ]
                            ], 
                            [
                                [
                                    426.49, 
                                    462.355, 
                                    -143.9
                                ], 
                                [
                                    0.43837115, 
                                    0, 
                                    0.89879405, 
                                    0
                                ]
                            ]
                        ], 
                        "%%marks%%": 0
                    }, 
                    "%%spaceInstances%%": null, 
                    "ingressMoves": [
                        [
                            13.5, 
                            40.5, 
                            23.5, 
                            0.8, 
                            -18.8, 
                            -1.1
                        ]
                    ], 
                    "instanceName": 56, 
                    "%%marks%%": 0
                }, 
                {
                    "egressMoves": [
                        [
                            0, 
                            0, 
                            0, 
                            0, 
                            0, 
                            0
                        ]
                    ], 
                    "weldLine": {
                        "%%spaceInstances%%": null, 
                        "weldParameters": null, 
                        "instanceName": 56, 
                        "waypoints": [
                            [
                                [
                                    358.34, 
                                    517.865, 
                                    -143.9
                                ], 
                                [
                                    0.43837115, 
                                    0, 
                                    0.89879405, 
                                    0
                                ]
                            ], 
                            [
                                [
                                    342.01, 
                                    576.605, 
                                    -143.9
                                ], 
                                [
                                    0.43837115, 
                                    0, 
                                    0.89879405, 
                                    0
                                ]
                            ]
                        ], 
                        "%%marks%%": 0
                    }, 
                    "%%spaceInstances%%": null, 
                    "ingressMoves": [
                        [
                            13.5, 
                            40.5, 
                            23.5, 
                            0.8, 
                            -18.8, 
                            -1.1
                        ]
                    ], 
                    "instanceName": 56, 
                    "%%marks%%": 0
                }, 
                {
                    "egressMoves": [
                        [
                            0, 
                            0, 
                            0, 
                            0, 
                            0, 
                            0
                        ]
                    ], 
                    "weldLine": {
                        "%%spaceInstances%%": null, 
                        "weldParameters": null, 
                        "instanceName": 56, 
                        "waypoints": [
                            [
                                [
                                    20.09, 
                                    1097.865, 
                                    -143.9
                                ], 
                                [
                                    0.43837115, 
                                    0, 
                                    0.89879405, 
                                    0
                                ]
                            ], 
                            [
                                [
                                    70.89, 
                                    1097.865, 
                                    -143.9
                                ], 
                                [
                                    0.43837115, 
                                    0, 
                                    0.89879405, 
                                    0
                                ]
                            ]
                        ], 
                        "%%marks%%": 0
                    }, 
                    "%%spaceInstances%%": null, 
                    "ingressMoves": [
                        [
                            13.5, 
                            40.5, 
                            23.5, 
                            0.8, 
                            -18.8, 
                            -1.1
                        ]
                    ], 
                    "instanceName": 56, 
                    "%%marks%%": 0
                }
            ], 
            "%%spaceInstances%%": null, 
            "instanceName": 5, 
            "%%marks%%": 0
        }
    ], 
    "orderingConstraints": null, 
    "BoM": {
        "D-angled-bottom": {
            "material": "A36 Steel", 
            "quantity": 1
        }, 
        "C-upper-interface-horizontal": {
            "material": "A36 Steel", 
            "quantity": 1
        }, 
        "E-angled-bottom-two": {
            "material": "A36 Steel", 
            "quantity": 1
        }, 
        "H-horizontal-bumper": {
            "material": "A36 Steel", 
            "quantity": 1
        }, 
        "F-angled-upper": {
            "material": "A36 Steel", 
            "quantity": 1
        }, 
        "G-vertical-bumper": {
            "material": "A36 Steel", 
            "quantity": 1
        }
    }, 
    "%%spaceInstances%%": null, 
    "instanceName": 4, 
    "%%marks%%": 0
}